{
    "products": [
        {
            "id": "1",
            "caption": "Beden losyonu",
            "description": "Hessas ve quru deriler uchun",
            "text": "Lorem ipsum dolor sit amet consectetur adipisicing elit. Porro reprehenderit enim ea voluptas impedit, placeat ab aut blanditiis. Molestias laudantium porro magni, debitis earum quas libero vel maiores eos ipsum? Lorem ipsum dolor sit amet consectetur adipisicing elit. Porro reprehenderit enim ea voluptas impedit, placeat ab aut blanditiis. Molestias laudantium porro magni, debitis earum quas libero vel maiores eos ipsum?Lorem ipsum dolor sit amet consectetur adipisicing elit. Porro reprehenderit enim ea voluptas impedit, placeat ab aut blanditiis. Molestias laudantium porro magni, debitis earum quas libero vel maiores eos ipsum?",
            "price": "50 ",
            "img1": "./image/bodyN.jpg",
            "img2": "./image/losyonN.jpg",
            "img3": "./image/bumbleN.jpg",
            "img4": "./image/dropN.jpg",
            "category": "body",
            "cod": "100"
        },
        {
            "id": "2",
            "caption": "Shampun",
            "description": "Quru ve kepekli saclar uchun.",
            "price": "32 ",
            "img1": "./image/shampooN.jpg",
            "img2": "./image/bumbleN.jpg",
            "img3": "./image/cliniqueN.jpg",
            "img4": "./image/dropN.jpg",
            "category": "hair",
            "cod": "200"
        },
        {
            "id": "3",
            "caption": "Konsiler",
            "description": "Goz alti halqalariolanlar uchun. ",
            "price": "40",
            "img1": "./image/dropN.jpg",
            "img2": "./image/cliniqueN.jpg",
            "img3": "./image/tonerN.jpg",
            "img4": "./image/tonicN.jpg",
            "category": "makeup",
            "cod": "300"
        },
        {
            "id": "4",
            "caption": "Toner",
            "description": "Makyaj qaliqlarini silmek uchum vasite.",
            "price": "23",
            "img1": "./image/tonerN.jpg",
            "img2": "./image/tonicN.jpg",
            "img3": "./image/bumbleN.jpg",
            "img4": "./image/dropN.jpg",
            "category": "makeup",
            "cod": "400"
        }
        ,
        {
            "id": "5",
            "caption": "Dush geli",
            "description": "Yagli deriler uchun.",
            "price": "17",
            "img1": "./image/bumbleN.jpg",
            "img2": "./image/relaxN.jpg",
            "img3": "./image/bodyN.jpg",
            "img4": "./image/losyonN.jpg",
            "category": "body",
            "cod": "500"
        },
        {
            "id": "6",
            "caption": "Sac kremi",
            "description": "Quru sachlari dibden uca nemlendirir.",
            "price": "21",
            "img1": "./image/losyonN.jpg",
            "img2": "./image/bodyN.jpg",
            "img3": "./image/relaxN.jpg",
            "img4": "./image/tonicN.jpg",
            "category": "hair",
            "cod": "600"
        },
        {
            "id": "7",
            "caption": "Makyaj bazasi",
            "description": "Makyajin uzun muddet qalmasini temin edir. ",
            "price": "32",
            "img1": "./image/relaxN.jpg",
            "img2": "./image/tonerN.jpg",
            "img3": "./image/losyonN.jpg",
            "img4": "./image/dropN.jpg",
            "category": "makeup",
            "cod": "700"
        },
        {
            "id": "8",
            "caption": "Toner",
            "description": "Makyaj qaliqlarini silmek uchum vasite.",
            "price": "23",
            "img1": "./image/tonerN.jpg",
            "img2": "./image/tonicN.jpg",
            "img3": "./image/shampooN.jpg",
            "img4": "./image/relaxN.jpg",
            "category": "makeup",
            "cod": "800"
        }
        ,{
            "id": "9",
            "caption": "Sach skrabi",
            "description": "Olu derini ashindirib temizleyir.",
            "price": "28",
            "img1": "./image/tonicN.jpg",
            "img2": "./image/shampooN.jpg",
            "img3": "./image/losyonN.jpg",
            "img4": "./image/dropN.jpg",
            "category": "hair",
            "cod": "900"
        },
        {
            "id": "10",
            "caption": "Uz sudu.",
            "description": "Hessas ve quru deriler uchun.",
            "price": "50",
            "img1": "./image/relaxN.jpg",
            "img2": "./image/losyonN.jpg",
            "img3": "./image/bumbleN.jpg",
            "img4": "./image/tonicN.jpg",
            "category": "body",
            "cod": "1000"
        }
    ]
}